tcp_stream,server_segments,server_bytes
0,5,2066
1,5,2066
2,5,2066
3,5,2066
4,5,2067
5,5,2065
6,5,2067
7,5,2067
8,5,2067
9,5,2066
10,5,2067
11,5,2065
12,5,2065
13,5,2067
14,5,2066
15,5,2066
16,5,2066
17,5,2065
18,5,2067
19,5,2067
20,5,2067
21,5,2065
22,5,2067
23,5,2066
24,5,2066
25,5,2065
26,5,2066
27,5,2066
28,5,2065
29,5,2066
30,5,2066
31,5,2066
32,5,2065
33,5,2065
34,5,2067
35,5,2066
36,5,2067
37,5,2067
38,5,2065
39,5,2065
40,5,2066
41,5,2066
42,5,2066
43,5,2067
44,5,2066
45,5,2066
46,5,2066
47,5,2067
48,5,2066
49,5,2065
50,5,2065
51,4,2065
52,5,2066
53,5,2066
54,5,2066
55,5,2065
56,5,2065
57,5,2065
58,5,2066
59,5,2065
60,5,2067
61,5,2065
62,5,2066
63,5,2066
64,5,2066
65,5,2067
66,5,2066
67,5,2067
68,5,2066
69,5,2066
70,5,2066
71,5,2067
72,5,2067
73,5,2065
74,5,2066
75,5,2065
76,5,2067
77,5,2065
78,5,2065
79,5,2066
80,5,2065
81,5,2067
82,5,2065
83,5,2067
84,5,2066
85,5,2067
86,5,2066
87,5,2066
88,5,2066
89,5,2065
90,5,2065
91,5,2065
92,5,2066
93,5,2066
94,5,2065
95,5,2066
96,5,2065
97,5,2066
98,5,2067
99,5,2065
100,5,2067
101,5,2067
102,5,2067
103,5,2067
104,5,2066
105,5,2065
106,5,2066
107,5,2067
108,5,2066
109,5,2067
110,5,2065
111,5,2067
112,5,2067
113,5,2067
114,6,2144
115,5,2065
116,5,2066
117,5,2067
118,5,2066
119,5,2066
120,5,2066
121,5,2066
122,5,2067
123,5,2066
124,5,2067
125,5,2067
126,5,2065
127,6,2248
128,5,2066
129,5,2067
130,5,2065
131,5,2065
132,5,2066
133,5,2067
134,5,2065
135,5,2065
136,5,2066
137,5,2065
138,5,2067
139,5,2066
140,5,2065
141,5,2067
142,5,2065
143,5,2065
144,5,2066
145,5,2065
146,5,2065
147,5,2065
148,5,2067
149,5,2066
150,5,2065
151,5,2066
152,5,2066
153,5,2067
154,5,2066
155,5,2067
156,5,2066
157,5,2065
158,5,2065
159,5,2066
160,5,2066
161,5,2066
162,5,2065
163,5,2065
164,5,2065
165,5,2067
166,5,2066
167,6,2090
168,5,2066
169,5,2066
170,5,2066
171,5,2067
172,5,2067
173,5,2065
174,5,2066
175,5,2066
176,5,2066
177,5,2065
178,5,2066
179,5,2066
180,5,2066
181,5,2065
182,5,2066
183,5,2066
184,5,2066
185,5,2067
186,5,2067
187,5,2065
188,5,2065
189,5,2066
190,5,2067
191,5,2067
192,5,2065
193,5,2067
194,5,2067
195,5,2067
196,5,2067
197,5,2066
198,5,2067
199,5,2067
200,5,2066
201,5,2066
202,5,2066
203,5,2065
204,5,2067
205,5,2066
206,5,2066
207,5,2066
208,5,2066
209,5,2067
210,5,2067
211,5,2066
212,5,2065
213,5,2066
214,6,2145
215,5,2065
216,5,2066
217,5,2067
218,5,2066
219,5,2067
220,5,2067
221,5,2065
222,5,2067
223,5,2065
224,5,2066
225,5,2065
226,5,2066
227,5,2066
228,5,2067
229,5,2067
230,5,2066
231,5,2066
232,5,2066
233,5,2066
234,5,2065
235,5,2065
236,5,2067
237,5,2067
238,5,2066
239,5,2067
240,5,2065
241,5,2067
242,5,2066
243,5,2066
244,5,2065
245,5,2065
246,5,2065
247,5,2066
248,5,2067
249,5,2067
250,5,2066
251,5,2066
252,5,2066
253,5,2067
254,5,2065
255,5,2066
256,5,2066
257,5,2065
258,5,2065
259,5,2066
260,5,2066
261,5,2067
262,5,2066
263,5,2066
264,5,2066
265,5,2066
266,5,2066
267,5,2067
268,5,2067
269,5,2067
270,5,2066
271,5,2066
272,5,2067
273,5,2067
274,5,2066
275,5,2065
276,5,2067
277,5,2067
278,5,2065
279,5,2066
280,5,2066
281,5,2066
282,5,2065
283,5,2067
284,5,2067
285,5,2066
286,5,2066
287,5,2067
288,5,2066
289,5,2067
290,5,2065
291,5,2067
292,5,2065
293,5,2066
294,5,2065
295,5,2066
296,5,2067
297,5,2067
298,5,2066
299,5,2067
