tag,scenario,channel,n,success_rate_pct,over_2s_n,over_2s_pct,over_2s_lo,over_2s_hi,median_ms,p95_ms,max_ms,mean_ms,ci95_ms,srv_segments_mean,srv_bytes_mean
baseline_eth,baseline,eth,300,100.0,0,0.0,0.0,1.264342999773566,30.0,41.05000000000001,45.0,31.436666666666667,0.38838474638252535,4.0,977.98
baseline_mc_plc,baseline,plc,300,100.0,4,1.3333333333333333,0.5196877684679466,3.3776060846449907,123.0,1179.05,3439.0,299.43,46.03241309939765,5.006666666666667,1569.3933333333334
baseline_plc,baseline,plc,300,100.0,1,0.3333333333333333,0.05886425761407379,1.8637164554943353,123.0,1163.25,2189.0,278.4066666666667,37.44399083011769,4.006666666666667,978.83
check,baseline,eth,20,100.0,0,0.0,0.0,16.113012549493323,30.0,31.0,31.0,30.1,0.25858088531710366,4.0,978.2
gate,baseline,plc,20,100.0,0,0.0,0.0,16.113012549493323,122.0,364.20000000000005,387.0,166.2,43.43256506403591,4.0,978.1
kem_eth,kem,eth,300,100.0,0,0.0,0.0,1.264342999773566,32.0,34.0,35.0,32.39333333333333,0.10255104920142835,5.0,2065.9866666666667
kem_plc,kem,plc,300,100.0,2,0.6666666666666666,0.18301100329710784,2.397807423146144,125.0,1166.05,2399.0,266.35333333333335,38.49600548373522,5.01,2067.2466666666664
smoke,v1,eth,5,100.0,0,0.0,0.0,43.4491494752081,39.0,40.0,40.0,39.0,1.2416639982037665,15.0,16146.0
v1_eth,v1,eth,300,100.0,0,0.0,0.0,1.264342999773566,33.0,40.0,50.0,33.843333333333334,0.3133097312194035,11.0,10429.0
v1_mc_plc,v1,plc,300,100.0,4,1.3333333333333333,0.5196877684679466,3.3776060846449907,219.0,1260.25,6581.0,413.7733333333333,59.80848290731568,16.98,16154.61
v1_plc,v1,plc,300,100.0,6,2.0,0.9197506067771085,4.294018673005515,154.0,1260.05,6600.0,381.0566666666667,69.1003104923712,12.953333333333333,10433.7
