scenario,channel,trial,timestamp_utc,handshake_ms,success,rc
baseline,plc,1,2026-10-06T10:11:04.258Z,121,1,0
baseline,plc,2,2026-10-06T10:11:04.383Z,122,1,0
baseline,plc,3,2026-10-06T10:11:04.549Z,162,1,0
baseline,plc,4,2026-10-06T10:11:04.911Z,358,1,0
baseline,plc,5,2026-10-06T10:11:05.037Z,121,1,0
baseline,plc,6,2026-10-06T10:11:05.162Z,121,1,0
baseline,plc,7,2026-10-06T10:11:05.327Z,162,1,0
baseline,plc,8,2026-10-06T10:11:06.526Z,1195,1,0
baseline,plc,9,2026-10-06T10:11:06.651Z,121,1,0
baseline,plc,10,2026-10-06T10:11:06.776Z,122,1,0
baseline,plc,11,2026-10-06T10:11:06.901Z,121,1,0
baseline,plc,12,2026-10-06T10:11:07.026Z,121,1,0
baseline,plc,13,2026-10-06T10:11:07.151Z,121,1,0
baseline,plc,14,2026-10-06T10:11:07.276Z,122,1,0
baseline,plc,15,2026-10-06T10:11:08.689Z,1408,1,0
baseline,plc,16,2026-10-06T10:11:08.814Z,121,1,0
baseline,plc,17,2026-10-06T10:11:08.980Z,162,1,0
baseline,plc,18,2026-10-06T10:11:09.104Z,120,1,0
baseline,plc,19,2026-10-06T10:11:09.230Z,122,1,0
baseline,plc,20,2026-10-06T10:11:09.355Z,121,1,0
baseline,plc,21,2026-10-06T10:11:09.480Z,121,1,0
baseline,plc,22,2026-10-06T10:11:10.613Z,1129,1,0
baseline,plc,23,2026-10-06T10:11:10.738Z,121,1,0
baseline,plc,24,2026-10-06T10:11:10.863Z,122,1,0
baseline,plc,25,2026-10-06T10:11:10.988Z,121,1,0
baseline,plc,26,2026-10-06T10:11:11.113Z,121,1,0
baseline,plc,27,2026-10-06T10:11:11.497Z,380,1,0
baseline,plc,28,2026-10-06T10:11:12.072Z,571,1,0
baseline,plc,29,2026-10-06T10:11:12.197Z,121,1,0
baseline,plc,30,2026-10-06T10:11:12.583Z,382,1,0
baseline,plc,31,2026-10-06T10:11:12.738Z,151,1,0
baseline,plc,32,2026-10-06T10:11:12.865Z,123,1,0
baseline,plc,33,2026-10-06T10:11:13.189Z,320,1,0
baseline,plc,34,2026-10-06T10:11:13.314Z,122,1,0
baseline,plc,35,2026-10-06T10:11:13.615Z,297,1,0
baseline,plc,36,2026-10-06T10:11:13.769Z,150,1,0
baseline,plc,37,2026-10-06T10:11:13.894Z,120,1,0
baseline,plc,38,2026-10-06T10:11:14.018Z,120,1,0
baseline,plc,39,2026-10-06T10:11:15.157Z,1135,1,0
baseline,plc,40,2026-10-06T10:11:15.323Z,163,1,0
baseline,plc,41,2026-10-06T10:11:15.449Z,121,1,0
baseline,plc,42,2026-10-06T10:11:15.701Z,249,1,0
baseline,plc,43,2026-10-06T10:11:15.867Z,162,1,0
baseline,plc,44,2026-10-06T10:11:15.992Z,121,1,0
baseline,plc,45,2026-10-06T10:11:16.351Z,355,1,0
baseline,plc,46,2026-10-06T10:11:16.476Z,121,1,0
baseline,plc,47,2026-10-06T10:11:16.601Z,121,1,0
baseline,plc,48,2026-10-06T10:11:16.725Z,120,1,0
baseline,plc,49,2026-10-06T10:11:16.851Z,122,1,0
baseline,plc,50,2026-10-06T10:11:16.976Z,121,1,0
baseline,plc,51,2026-10-06T10:11:17.413Z,434,1,0
baseline,plc,52,2026-10-06T10:11:17.801Z,383,1,0
baseline,plc,53,2026-10-06T10:11:17.924Z,120,1,0
baseline,plc,54,2026-10-06T10:11:18.050Z,122,1,0
baseline,plc,55,2026-10-06T10:11:18.440Z,386,1,0
baseline,plc,56,2026-10-06T10:11:19.573Z,1129,1,0
baseline,plc,57,2026-10-06T10:11:19.698Z,121,1,0
baseline,plc,58,2026-10-06T10:11:21.103Z,1401,1,0
baseline,plc,59,2026-10-06T10:11:21.227Z,120,1,0
baseline,plc,60,2026-10-06T10:11:21.354Z,123,1,0
baseline,plc,61,2026-10-06T10:11:21.520Z,162,1,0
baseline,plc,62,2026-10-06T10:11:22.141Z,618,1,0
baseline,plc,63,2026-10-06T10:11:22.267Z,121,1,0
baseline,plc,64,2026-10-06T10:11:22.431Z,161,1,0
baseline,plc,65,2026-10-06T10:11:22.832Z,397,1,0
baseline,plc,66,2026-10-06T10:11:22.957Z,120,1,0
baseline,plc,67,2026-10-06T10:11:23.344Z,384,1,0
baseline,plc,68,2026-10-06T10:11:23.470Z,122,1,0
baseline,plc,69,2026-10-06T10:11:23.636Z,161,1,0
baseline,plc,70,2026-10-06T10:11:23.760Z,120,1,0
baseline,plc,71,2026-10-06T10:11:23.887Z,122,1,0
baseline,plc,72,2026-10-06T10:11:24.051Z,160,1,0
baseline,plc,73,2026-10-06T10:11:24.175Z,120,1,0
baseline,plc,74,2026-10-06T10:11:24.704Z,525,1,0
baseline,plc,75,2026-10-06T10:11:25.096Z,388,1,0
baseline,plc,76,2026-10-06T10:11:26.259Z,1159,1,0
baseline,plc,77,2026-10-06T10:11:26.385Z,122,1,0
baseline,plc,78,2026-10-06T10:11:26.512Z,122,1,0
baseline,plc,79,2026-10-06T10:11:26.637Z,121,1,0
baseline,plc,80,2026-10-06T10:11:27.167Z,527,1,0
baseline,plc,81,2026-10-06T10:11:27.463Z,291,1,0
baseline,plc,82,2026-10-06T10:11:27.588Z,121,1,0
baseline,plc,83,2026-10-06T10:11:27.712Z,121,1,0
baseline,plc,84,2026-10-06T10:11:27.839Z,122,1,0
baseline,plc,85,2026-10-06T10:11:28.981Z,1138,1,0
baseline,plc,86,2026-10-06T10:11:29.372Z,386,1,0
baseline,plc,87,2026-10-06T10:11:29.547Z,170,1,0
baseline,plc,88,2026-10-06T10:11:29.672Z,121,1,0
baseline,plc,89,2026-10-06T10:11:29.797Z,121,1,0
baseline,plc,90,2026-10-06T10:11:29.925Z,122,1,0
baseline,plc,91,2026-10-06T10:11:30.367Z,438,1,0
baseline,plc,92,2026-10-06T10:11:30.494Z,123,1,0
baseline,plc,93,2026-10-06T10:11:30.619Z,121,1,0
baseline,plc,94,2026-10-06T10:11:30.745Z,121,1,0
baseline,plc,95,2026-10-06T10:11:30.870Z,121,1,0
baseline,plc,96,2026-10-06T10:11:31.034Z,161,1,0
baseline,plc,97,2026-10-06T10:11:32.237Z,1198,1,0
baseline,plc,98,2026-10-06T10:11:32.367Z,124,1,0
baseline,plc,99,2026-10-06T10:11:32.506Z,133,1,0
baseline,plc,100,2026-10-06T10:11:33.658Z,1146,1,0
baseline,plc,101,2026-10-06T10:11:33.785Z,122,1,0
baseline,plc,102,2026-10-06T10:11:33.951Z,162,1,0
baseline,plc,103,2026-10-06T10:11:34.185Z,230,1,0
baseline,plc,104,2026-10-06T10:11:35.317Z,1128,1,0
baseline,plc,105,2026-10-06T10:11:35.483Z,162,1,0
baseline,plc,106,2026-10-06T10:11:35.648Z,161,1,0
baseline,plc,107,2026-10-06T10:11:35.774Z,122,1,0
baseline,plc,108,2026-10-06T10:11:35.899Z,121,1,0
baseline,plc,109,2026-10-06T10:11:36.066Z,163,1,0
baseline,plc,110,2026-10-06T10:11:36.190Z,121,1,0
baseline,plc,111,2026-10-06T10:11:36.358Z,163,1,0
baseline,plc,112,2026-10-06T10:11:36.483Z,122,1,0
baseline,plc,113,2026-10-06T10:11:36.608Z,121,1,0
baseline,plc,114,2026-10-06T10:11:36.733Z,122,1,0
baseline,plc,115,2026-10-06T10:11:36.899Z,162,1,0
baseline,plc,116,2026-10-06T10:11:37.025Z,122,1,0
baseline,plc,117,2026-10-06T10:11:38.198Z,1169,1,0
baseline,plc,118,2026-10-06T10:11:38.323Z,122,1,0
baseline,plc,119,2026-10-06T10:11:38.449Z,122,1,0
baseline,plc,120,2026-10-06T10:11:38.573Z,120,1,0
baseline,plc,121,2026-10-06T10:11:38.739Z,163,1,0
baseline,plc,122,2026-10-06T10:11:39.943Z,1200,1,0
baseline,plc,123,2026-10-06T10:11:40.109Z,162,1,0
baseline,plc,124,2026-10-06T10:11:40.236Z,123,1,0
baseline,plc,125,2026-10-06T10:11:40.665Z,425,1,0
baseline,plc,126,2026-10-06T10:11:41.860Z,1192,1,0
baseline,plc,127,2026-10-06T10:11:42.511Z,647,1,0
baseline,plc,128,2026-10-06T10:11:42.637Z,122,1,0
baseline,plc,129,2026-10-06T10:11:42.761Z,120,1,0
baseline,plc,130,2026-10-06T10:11:42.928Z,163,1,0
baseline,plc,131,2026-10-06T10:11:43.054Z,122,1,0
baseline,plc,132,2026-10-06T10:11:43.178Z,120,1,0
baseline,plc,133,2026-10-06T10:11:43.305Z,123,1,0
baseline,plc,134,2026-10-06T10:11:43.599Z,289,1,0
baseline,plc,135,2026-10-06T10:11:43.755Z,152,1,0
baseline,plc,136,2026-10-06T10:11:43.920Z,162,1,0
baseline,plc,137,2026-10-06T10:11:44.045Z,120,1,0
baseline,plc,138,2026-10-06T10:11:44.432Z,384,1,0
baseline,plc,139,2026-10-06T10:11:44.557Z,121,1,0
baseline,plc,140,2026-10-06T10:11:44.856Z,295,1,0
baseline,plc,141,2026-10-06T10:11:44.981Z,122,1,0
baseline,plc,142,2026-10-06T10:11:45.375Z,390,1,0
baseline,plc,143,2026-10-06T10:11:45.499Z,121,1,0
baseline,plc,144,2026-10-06T10:11:45.665Z,162,1,0
baseline,plc,145,2026-10-06T10:11:46.838Z,1168,1,0
baseline,plc,146,2026-10-06T10:11:46.962Z,120,1,0
baseline,plc,147,2026-10-06T10:11:47.089Z,123,1,0
baseline,plc,148,2026-10-06T10:11:47.245Z,152,1,0
baseline,plc,149,2026-10-06T10:11:47.511Z,262,1,0
baseline,plc,150,2026-10-06T10:11:47.635Z,121,1,0
baseline,plc,151,2026-10-06T10:11:47.759Z,120,1,0
baseline,plc,152,2026-10-06T10:11:47.883Z,120,1,0
baseline,plc,153,2026-10-06T10:11:48.133Z,246,1,0
baseline,plc,154,2026-10-06T10:11:49.536Z,1399,1,0
baseline,plc,155,2026-10-06T10:11:49.702Z,162,1,0
baseline,plc,156,2026-10-06T10:11:49.828Z,121,1,0
baseline,plc,157,2026-10-06T10:11:49.996Z,164,1,0
baseline,plc,158,2026-10-06T10:11:50.133Z,132,1,0
baseline,plc,159,2026-10-06T10:11:50.342Z,205,1,0
baseline,plc,160,2026-10-06T10:11:50.466Z,120,1,0
baseline,plc,161,2026-10-06T10:11:50.904Z,434,1,0
baseline,plc,162,2026-10-06T10:11:51.029Z,121,1,0
baseline,plc,163,2026-10-06T10:11:51.153Z,121,1,0
baseline,plc,164,2026-10-06T10:11:51.278Z,121,1,0
baseline,plc,165,2026-10-06T10:11:51.404Z,121,1,0
baseline,plc,166,2026-10-06T10:11:51.560Z,153,1,0
baseline,plc,167,2026-10-06T10:11:51.685Z,121,1,0
baseline,plc,168,2026-10-06T10:11:51.811Z,122,1,0
baseline,plc,169,2026-10-06T10:11:51.936Z,121,1,0
baseline,plc,170,2026-10-06T10:11:52.061Z,122,1,0
baseline,plc,171,2026-10-06T10:11:52.186Z,121,1,0
baseline,plc,172,2026-10-06T10:11:52.312Z,122,1,0
baseline,plc,173,2026-10-06T10:11:52.436Z,121,1,0
baseline,plc,174,2026-10-06T10:11:53.636Z,1196,1,0
baseline,plc,175,2026-10-06T10:11:53.762Z,122,1,0
baseline,plc,176,2026-10-06T10:11:53.886Z,120,1,0
baseline,plc,177,2026-10-06T10:11:54.279Z,389,1,0
baseline,plc,178,2026-10-06T10:11:54.445Z,162,1,0
baseline,plc,179,2026-10-06T10:11:55.605Z,1156,1,0
baseline,plc,180,2026-10-06T10:11:55.731Z,122,1,0
baseline,plc,181,2026-10-06T10:11:55.857Z,122,1,0
baseline,plc,182,2026-10-06T10:11:55.984Z,122,1,0
baseline,plc,183,2026-10-06T10:11:56.138Z,151,1,0
baseline,plc,184,2026-10-06T10:11:56.264Z,122,1,0
baseline,plc,185,2026-10-06T10:11:56.418Z,151,1,0
baseline,plc,186,2026-10-06T10:11:56.544Z,121,1,0
baseline,plc,187,2026-10-06T10:11:56.669Z,121,1,0
baseline,plc,188,2026-10-06T10:11:56.793Z,121,1,0
baseline,plc,189,2026-10-06T10:11:58.224Z,1427,1,0
baseline,plc,190,2026-10-06T10:11:58.391Z,163,1,0
baseline,plc,191,2026-10-06T10:11:58.517Z,122,1,0
baseline,plc,192,2026-10-06T10:11:58.904Z,383,1,0
baseline,plc,193,2026-10-06T10:12:00.101Z,1192,1,0
baseline,plc,194,2026-10-06T10:12:00.488Z,384,1,0
baseline,plc,195,2026-10-06T10:12:00.653Z,161,1,0
baseline,plc,196,2026-10-06T10:12:00.778Z,121,1,0
baseline,plc,197,2026-10-06T10:12:00.904Z,121,1,0
baseline,plc,198,2026-10-06T10:12:01.029Z,121,1,0
baseline,plc,199,2026-10-06T10:12:01.391Z,358,1,0
baseline,plc,200,2026-10-06T10:12:01.518Z,123,1,0
baseline,plc,201,2026-10-06T10:12:01.643Z,121,1,0
baseline,plc,202,2026-10-06T10:12:01.770Z,122,1,0
baseline,plc,203,2026-10-06T10:12:01.895Z,121,1,0
baseline,plc,204,2026-10-06T10:12:03.029Z,1130,1,0
baseline,plc,205,2026-10-06T10:12:03.454Z,421,1,0
baseline,plc,206,2026-10-06T10:12:03.816Z,357,1,0
baseline,plc,207,2026-10-06T10:12:04.022Z,201,1,0
baseline,plc,208,2026-10-06T10:12:04.188Z,162,1,0
baseline,plc,209,2026-10-06T10:12:04.447Z,254,1,0
baseline,plc,210,2026-10-06T10:12:04.573Z,122,1,0
baseline,plc,211,2026-10-06T10:12:04.698Z,122,1,0
baseline,plc,212,2026-10-06T10:12:05.845Z,1143,1,0
baseline,plc,213,2026-10-06T10:12:07.012Z,1163,1,0
baseline,plc,214,2026-10-06T10:12:07.138Z,122,1,0
baseline,plc,215,2026-10-06T10:12:07.528Z,386,1,0
baseline,plc,216,2026-10-06T10:12:07.655Z,123,1,0
baseline,plc,217,2026-10-06T10:12:07.781Z,121,1,0
baseline,plc,218,2026-10-06T10:12:08.143Z,359,1,0
baseline,plc,219,2026-10-06T10:12:08.268Z,121,1,0
baseline,plc,220,2026-10-06T10:12:08.434Z,162,1,0
baseline,plc,221,2026-10-06T10:12:08.560Z,122,1,0
baseline,plc,222,2026-10-06T10:12:08.686Z,121,1,0
baseline,plc,223,2026-10-06T10:12:08.811Z,121,1,0
baseline,plc,224,2026-10-06T10:12:09.176Z,361,1,0
baseline,plc,225,2026-10-06T10:12:09.301Z,121,1,0
baseline,plc,226,2026-10-06T10:12:11.493Z,2189,1,0
baseline,plc,227,2026-10-06T10:12:12.669Z,1172,1,0
baseline,plc,228,2026-10-06T10:12:12.795Z,122,1,0
baseline,plc,229,2026-10-06T10:12:12.920Z,121,1,0
baseline,plc,230,2026-10-06T10:12:13.046Z,123,1,0
baseline,plc,231,2026-10-06T10:12:13.212Z,162,1,0
baseline,plc,232,2026-10-06T10:12:13.337Z,121,1,0
baseline,plc,233,2026-10-06T10:12:13.503Z,162,1,0
baseline,plc,234,2026-10-06T10:12:13.629Z,122,1,0
baseline,plc,235,2026-10-06T10:12:14.015Z,381,1,0
baseline,plc,236,2026-10-06T10:12:14.138Z,120,1,0
baseline,plc,237,2026-10-06T10:12:14.303Z,161,1,0
baseline,plc,238,2026-10-06T10:12:14.429Z,122,1,0
baseline,plc,239,2026-10-06T10:12:14.555Z,122,1,0
baseline,plc,240,2026-10-06T10:12:14.944Z,385,1,0
baseline,plc,241,2026-10-06T10:12:15.068Z,121,1,0
baseline,plc,242,2026-10-06T10:12:15.719Z,647,1,0
baseline,plc,243,2026-10-06T10:12:15.846Z,122,1,0
baseline,plc,244,2026-10-06T10:12:15.970Z,120,1,0
baseline,plc,245,2026-10-06T10:12:16.095Z,121,1,0
baseline,plc,246,2026-10-06T10:12:16.220Z,121,1,0
baseline,plc,247,2026-10-06T10:12:16.346Z,122,1,0
baseline,plc,248,2026-10-06T10:12:16.470Z,120,1,0
baseline,plc,249,2026-10-06T10:12:16.596Z,122,1,0
baseline,plc,250,2026-10-06T10:12:16.720Z,121,1,0
baseline,plc,251,2026-10-06T10:12:16.876Z,152,1,0
baseline,plc,252,2026-10-06T10:12:17.269Z,387,1,0
baseline,plc,253,2026-10-06T10:12:17.408Z,134,1,0
baseline,plc,254,2026-10-06T10:12:17.564Z,152,1,0
baseline,plc,255,2026-10-06T10:12:17.690Z,122,1,0
baseline,plc,256,2026-10-06T10:12:17.816Z,123,1,0
baseline,plc,257,2026-10-06T10:12:17.941Z,121,1,0
baseline,plc,258,2026-10-06T10:12:18.066Z,121,1,0
baseline,plc,259,2026-10-06T10:12:18.398Z,328,1,0
baseline,plc,260,2026-10-06T10:12:18.564Z,162,1,0
baseline,plc,261,2026-10-06T10:12:18.967Z,400,1,0
baseline,plc,262,2026-10-06T10:12:19.092Z,121,1,0
baseline,plc,263,2026-10-06T10:12:19.287Z,192,1,0
baseline,plc,264,2026-10-06T10:12:19.413Z,121,1,0
baseline,plc,265,2026-10-06T10:12:19.833Z,416,1,0
baseline,plc,266,2026-10-06T10:12:19.957Z,120,1,0
baseline,plc,267,2026-10-06T10:12:20.084Z,123,1,0
baseline,plc,268,2026-10-06T10:12:20.251Z,162,1,0
baseline,plc,269,2026-10-06T10:12:20.375Z,120,1,0
baseline,plc,270,2026-10-06T10:12:20.501Z,122,1,0
baseline,plc,271,2026-10-06T10:12:20.625Z,120,1,0
baseline,plc,272,2026-10-06T10:12:20.792Z,163,1,0
baseline,plc,273,2026-10-06T10:12:20.958Z,162,1,0
baseline,plc,274,2026-10-06T10:12:21.084Z,122,1,0
baseline,plc,275,2026-10-06T10:12:21.208Z,120,1,0
baseline,plc,276,2026-10-06T10:12:21.335Z,122,1,0
baseline,plc,277,2026-10-06T10:12:21.500Z,161,1,0
baseline,plc,278,2026-10-06T10:12:21.855Z,351,1,0
baseline,plc,279,2026-10-06T10:12:21.980Z,121,1,0
baseline,plc,280,2026-10-06T10:12:22.279Z,294,1,0
baseline,plc,281,2026-10-06T10:12:23.460Z,1178,1,0
baseline,plc,282,2026-10-06T10:12:23.626Z,162,1,0
baseline,plc,283,2026-10-06T10:12:23.792Z,162,1,0
baseline,plc,284,2026-10-06T10:12:23.919Z,123,1,0
baseline,plc,285,2026-10-06T10:12:24.043Z,120,1,0
baseline,plc,286,2026-10-06T10:12:24.170Z,123,1,0
baseline,plc,287,2026-10-06T10:12:25.302Z,1127,1,0
baseline,plc,288,2026-10-06T10:12:25.425Z,120,1,0
baseline,plc,289,2026-10-06T10:12:25.552Z,122,1,0
baseline,plc,290,2026-10-06T10:12:25.676Z,121,1,0
baseline,plc,291,2026-10-06T10:12:26.071Z,391,1,0
baseline,plc,292,2026-10-06T10:12:26.196Z,121,1,0
baseline,plc,293,2026-10-06T10:12:26.559Z,359,1,0
baseline,plc,294,2026-10-06T10:12:26.757Z,194,1,0
baseline,plc,295,2026-10-06T10:12:26.881Z,120,1,0
baseline,plc,296,2026-10-06T10:12:27.045Z,161,1,0
baseline,plc,297,2026-10-06T10:12:27.172Z,122,1,0
baseline,plc,298,2026-10-06T10:12:27.560Z,385,1,0
baseline,plc,299,2026-10-06T10:12:28.693Z,1129,1,0
baseline,plc,300,2026-10-06T10:12:28.859Z,162,1,0
